<?xml version="1.0" encoding="utf-8"?>
<annotations>
  <version>1.1</version>
  <meta>
    <job>
      <id>60</id>
      <size>12</size>
      <mode>annotation</mode>
      <overlap>0</overlap>
      <bugtracker></bugtracker>
      <created>2025-06-06 08:52:52.903784+00:00</created>
      <updated>2025-06-10 13:29:05.351441+00:00</updated>
      <subset>default</subset>
      <start_frame>988</start_frame>
      <stop_frame>999</stop_frame>
      <frame_filter></frame_filter>
      <segments>
        <segment>
          <id>60</id>
          <start>988</start>
          <stop>999</stop>
          <url>http://13.204.9.153:8080/api/jobs/60</url>
        </segment>
      </segments>
      <owner>
        <username>abhijeet_gaikwad</username>
        <email>abhijeetgaikwad670@gmail.com</email>
      </owner>
      <assignee></assignee>
      <labels>
        <label>
          <name>person</name>
          <color>#ff007c</color>
          <type>rectangle</type>
          <attributes>
          </attributes>
        </label>
      </labels>
    </job>
    <dumped>2025-06-11 06:00:44.734501+00:00</dumped>
  </meta>
  <image id="988" name="task_testing_10001_11000/1747824299.6410193_input_1356.jpg" width="1280" height="720">
    <box label="person" source="semi-auto" occluded="0" xtl="808.40" ytl="124.10" xbr="1132.00" ybr="473.00" z_order="0">
    </box>
  </image>
  <image id="989" name="task_testing_10001_11000/1747824299.6410193_input_1500.jpg" width="1280" height="720">
    <box label="person" source="semi-auto" occluded="0" xtl="807.40" ytl="102.00" xbr="1132.00" ybr="473.00" z_order="0">
    </box>
  </image>
  <image id="990" name="task_testing_10001_11000/1747824299.6410193_input_153.jpg" width="1280" height="720">
    <box label="person" source="auto" occluded="0" xtl="737.00" ytl="1.00" xbr="938.00" ybr="453.00" z_order="0">
    </box>
  </image>
  <image id="991" name="task_testing_10001_11000/1747824299.6410193_input_1564.jpg" width="1280" height="720">
    <box label="person" source="semi-auto" occluded="0" xtl="808.10" ytl="88.00" xbr="1114.50" ybr="475.00" z_order="0">
    </box>
  </image>
  <image id="992" name="task_testing_10001_11000/1747824299.6410193_input_1594.jpg" width="1280" height="720">
    <box label="person" source="semi-auto" occluded="0" xtl="766.00" ytl="84.40" xbr="1111.00" ybr="516.00" z_order="0">
    </box>
  </image>
  <image id="993" name="task_testing_10001_11000/1747824299.6410193_input_1603.jpg" width="1280" height="720">
    <box label="person" source="semi-auto" occluded="0" xtl="795.00" ytl="115.20" xbr="1109.00" ybr="552.00" z_order="0">
    </box>
  </image>
  <image id="994" name="task_testing_10001_11000/1747824299.6410193_input_161.jpg" width="1280" height="720">
    <box label="person" source="auto" occluded="0" xtl="706.00" ytl="45.00" xbr="927.00" ybr="518.00" z_order="0">
    </box>
  </image>
  <image id="995" name="task_testing_10001_11000/1747824299.6410193_input_1644.jpg" width="1280" height="720">
    <box label="person" source="semi-auto" occluded="0" xtl="794.00" ytl="115.90" xbr="1125.00" ybr="555.00" z_order="0">
    </box>
  </image>
  <image id="996" name="task_testing_10001_11000/1747824299.6410193_input_168.jpg" width="1280" height="720">
    <box label="person" source="semi-auto" occluded="0" xtl="647.80" ytl="88.00" xbr="906.00" ybr="514.00" z_order="0">
    </box>
  </image>
  <image id="997" name="task_testing_10001_11000/1747824299.6410193_input_1704.jpg" width="1280" height="720">
    <box label="person" source="semi-auto" occluded="0" xtl="796.00" ytl="138.00" xbr="1148.50" ybr="550.00" z_order="0">
    </box>
  </image>
  <image id="998" name="task_testing_10001_11000/1747824299.6410193_input_173.jpg" width="1280" height="720">
    <box label="person" source="semi-auto" occluded="0" xtl="578.00" ytl="134.00" xbr="864.90" ybr="624.00" z_order="0">
    </box>
  </image>
  <image id="999" name="task_testing_10001_11000/1747824299.6410193_input_1740.jpg" width="1280" height="720">
    <box label="person" source="semi-auto" occluded="0" xtl="820.40" ytl="70.00" xbr="1138.00" ybr="539.00" z_order="0">
    </box>
  </image>
</annotations>
